{
    "counter": {
        "ACTIVE": 84,
        "INACTIVE": 1,
        "INVALID": 0,
        "MALICIOUS": 0,
        "SANE": 0,
        "VALID": 0,
        "total": 85
    },
    "percentage": {
        "ACTIVE": 98.82352941176471,
        "INACTIVE": 14.285714285714286,
        "INVALID": 0,
        "MALICIOUS": 0,
        "SANE": 0,
        "VALID": 0,
        "total": 113.109243697479
    }
}