{
    "counter": {
        "ACTIVE": 82,
        "INACTIVE": 1,
        "INVALID": 0,
        "MALICIOUS": 0,
        "SANE": 0,
        "VALID": 0,
        "total": 83
    },
    "percentage": {
        "ACTIVE": 98.79518072289157,
        "INACTIVE": 1.8518518518518519,
        "INVALID": 0,
        "MALICIOUS": 0,
        "SANE": 0,
        "VALID": 0,
        "total": 100.64703257474342
    }
}