{
    "counter": {
        "ACTIVE": 71,
        "INACTIVE": 1,
        "INVALID": 0,
        "MALICIOUS": 0,
        "SANE": 0,
        "VALID": 0,
        "total": 72
    },
    "percentage": {
        "ACTIVE": 98.61111111111111,
        "INACTIVE": 2.6315789473684212,
        "INVALID": 0,
        "MALICIOUS": 0,
        "SANE": 0,
        "VALID": 0,
        "total": 101.24269005847954
    }
}