{
    "counter": {
        "ACTIVE": 82,
        "INACTIVE": 1,
        "INVALID": 0,
        "MALICIOUS": 0,
        "SANE": 0,
        "VALID": 0,
        "total": 83
    },
    "percentage": {
        "ACTIVE": 98.79518072289157,
        "INACTIVE": 1.8181818181818181,
        "INVALID": 0,
        "MALICIOUS": 0,
        "SANE": 0,
        "VALID": 0,
        "total": 100.61336254107339
    }
}