{
    "counter": {
        "ACTIVE": 80,
        "INACTIVE": 1,
        "INVALID": 0,
        "MALICIOUS": 0,
        "SANE": 0,
        "VALID": 0,
        "total": 81
    },
    "percentage": {
        "ACTIVE": 98.76543209876543,
        "INACTIVE": 1.8867924528301887,
        "INVALID": 0,
        "MALICIOUS": 0,
        "SANE": 0,
        "VALID": 0,
        "total": 100.65222455159562
    }
}