{
    "counter": {
        "ACTIVE": 81,
        "INACTIVE": 1,
        "INVALID": 0,
        "MALICIOUS": 0,
        "SANE": 0,
        "VALID": 0,
        "total": 82
    },
    "percentage": {
        "ACTIVE": 98.78048780487805,
        "INACTIVE": 3.0303030303030303,
        "INVALID": 0,
        "MALICIOUS": 0,
        "SANE": 0,
        "VALID": 0,
        "total": 101.81079083518108
    }
}