{
    "counter": {
        "ACTIVE": 83,
        "INACTIVE": 1,
        "INVALID": 0,
        "MALICIOUS": 0,
        "SANE": 0,
        "VALID": 0,
        "total": 84
    },
    "percentage": {
        "ACTIVE": 98.80952380952381,
        "INACTIVE": 1.408450704225352,
        "INVALID": 0,
        "MALICIOUS": 0,
        "SANE": 0,
        "VALID": 0,
        "total": 100.21797451374917
    }
}