{
    "counter": {
        "ACTIVE": 71,
        "INACTIVE": 1,
        "INVALID": 0,
        "MALICIOUS": 0,
        "SANE": 0,
        "VALID": 0,
        "total": 72
    },
    "percentage": {
        "ACTIVE": 98.61111111111111,
        "INACTIVE": 3.8461538461538463,
        "INVALID": 0,
        "MALICIOUS": 0,
        "SANE": 0,
        "VALID": 0,
        "total": 102.45726495726495
    }
}