{
    "counter": {
        "ACTIVE": 82,
        "INACTIVE": 2,
        "INVALID": 0,
        "MALICIOUS": 0,
        "SANE": 0,
        "VALID": 0,
        "total": 84
    },
    "percentage": {
        "ACTIVE": 97.61904761904762,
        "INACTIVE": 3.0303030303030303,
        "INVALID": 0,
        "MALICIOUS": 0,
        "SANE": 0,
        "VALID": 0,
        "total": 100.64935064935065
    }
}